{
  "timestamp": "2025-10-25T22:35:21.507697",
  "total_challenges": 9,
  "successful_challenges": 1,
  "success_rate": 0.1111111111111111,
  "total_benchmark_time": 0.12137556076049805,
  "avg_challenge_time": 0.008390373653835721,
  "median_challenge_time": 0.006433963775634766,
  "avg_steps": 3.4444444444444446,
  "avg_confidence": 0.39444444444444443,
  "by_type": {
    "RSA": {
      "total": 3,
      "successful": 0,
      "times": [
        0.022747516632080078,
        0.00805974006652832,
        0.009050846099853516
      ],
      "success_rate": 0.0,
      "avg_time": 0.01328603426615397,
      "median_time": 0.009050846099853516
    },
    "Classical": {
      "total": 3,
      "successful": 1,
      "times": [
        0.005218029022216797,
        0.006433963775634766,
        0.005688905715942383
      ],
      "success_rate": 0.3333333333333333,
      "avg_time": 0.0057802995045979815,
      "median_time": 0.005688905715942383
    },
    "XOR": {
      "total": 1,
      "successful": 0,
      "times": [
        0.007853269577026367
      ],
      "success_rate": 0.0,
      "avg_time": 0.007853269577026367,
      "median_time": 0.007853269577026367
    },
    "Encoding": {
      "total": 2,
      "successful": 0,
      "times": [
        0.005226850509643555,
        0.005234241485595703
      ],
      "success_rate": 0.0,
      "avg_time": 0.005230545997619629,
      "median_time": 0.005230545997619629
    }
  },
  "by_difficulty": {
    "Easy": {
      "total": 6,
      "successful": 1,
      "success_rate": 0.16666666666666666
    },
    "Medium": {
      "total": 3,
      "successful": 0,
      "success_rate": 0.0
    }
  },
  "detailed_results": [
    {
      "name": "RSA Basic (e=3)",
      "type": "RSA",
      "difficulty": "Easy",
      "success": false,
      "flag_found": "",
      "flag_correct": false,
      "expected_flag": "flag{small_e_is_vulnerable}",
      "confidence": 0.3,
      "steps_used": 4,
      "total_time": 0.022747516632080078,
      "error": "No se pudo resolver el desafío",
      "tags": [
        "rsa",
        "hastad",
        "small_e"
      ]
    },
    {
      "name": "Caesar Cipher (ROT13)",
      "type": "Classical",
      "difficulty": "Easy",
      "success": true,
      "flag_found": "flag{caesar_cipher_is_not_secure}",
      "flag_correct": true,
      "expected_flag": "flag{caesar_cipher_is_not_secure}",
      "confidence": 0.9,
      "steps_used": 3,
      "total_time": 0.005218029022216797,
      "error": null,
      "tags": [
        "classical",
        "caesar",
        "rot13"
      ]
    },
    {
      "name": "XOR Single Byte",
      "type": "XOR",
      "difficulty": "Easy",
      "success": false,
      "flag_found": "",
      "flag_correct": false,
      "expected_flag": "flag{xor_is_not_secure}",
      "confidence": 0.7,
      "steps_used": 4,
      "total_time": 0.007853269577026367,
      "error": "No se pudo resolver el desafío",
      "tags": [
        "xor",
        "single_byte"
      ]
    },
    {
      "name": "RSA Wiener Attack",
      "type": "RSA",
      "difficulty": "Medium",
      "success": false,
      "flag_found": null,
      "flag_correct": false,
      "expected_flag": "flag{wiener_attack_works}",
      "confidence": 0.95,
      "steps_used": 3,
      "total_time": 0.00805974006652832,
      "error": null,
      "tags": [
        "rsa",
        "wiener",
        "small_d"
      ]
    },
    {
      "name": "RSA Common Modulus",
      "type": "RSA",
      "difficulty": "Medium",
      "success": false,
      "flag_found": "",
      "flag_correct": false,
      "expected_flag": "flag{common_modulus_attack}",
      "confidence": 0.3,
      "steps_used": 4,
      "total_time": 0.009050846099853516,
      "error": "No se pudo resolver el desafío",
      "tags": [
        "rsa",
        "common_modulus"
      ]
    },
    {
      "name": "Base64 Decode",
      "type": "Encoding",
      "difficulty": "Easy",
      "success": false,
      "flag_found": "",
      "flag_correct": false,
      "expected_flag": "flag{base64_is_not_encryption}",
      "confidence": 0.1,
      "steps_used": 3,
      "total_time": 0.005226850509643555,
      "error": "No se pudo resolver el desafío",
      "tags": [
        "encoding",
        "base64"
      ]
    },
    {
      "name": "Hex Decode",
      "type": "Encoding",
      "difficulty": "Easy",
      "success": false,
      "flag_found": "",
      "flag_correct": false,
      "expected_flag": "flag{hex_is_not_encryption}",
      "confidence": 0.1,
      "steps_used": 3,
      "total_time": 0.005234241485595703,
      "error": "No se pudo resolver el desafío",
      "tags": [
        "encoding",
        "hex"
      ]
    },
    {
      "name": "ROT47 Cipher",
      "type": "Classical",
      "difficulty": "Easy",
      "success": false,
      "flag_found": "",
      "flag_correct": false,
      "expected_flag": "flag{contrarians_are_fun}",
      "confidence": 0.1,
      "steps_used": 3,
      "total_time": 0.006433963775634766,
      "error": "No se pudo resolver el desafío",
      "tags": [
        "classical",
        "rot47"
      ]
    },
    {
      "name": "Vigenère Cipher",
      "type": "Classical",
      "difficulty": "Medium",
      "success": false,
      "flag_found": "",
      "flag_correct": false,
      "expected_flag": "flag{vigenere_is_secure}",
      "confidence": 0.1,
      "steps_used": 4,
      "total_time": 0.005688905715942383,
      "error": "No se pudo resolver el desafío",
      "tags": [
        "classical",
        "vigenere"
      ]
    }
  ]
}